Allenopithecus_nigroviridis,0
Allocebus_trichotis,1
Alouatta_belzebul,0
Alouatta_caraya,0
Alouatta_coibensis,0
Alouatta_fusca,0
Alouatta_palliata,0
Alouatta_pigra,0
Alouatta_sara,0
Alouatta_seniculus,0
Aotus_azarai,1
Aotus_brumbacki,1
Aotus_hershkovitzi,1
Aotus_infulatus,1
Aotus_lemurinus,1
Aotus_miconax,1
Aotus_nancymaae,1
Aotus_nigriceps,1
Aotus_trivirgatus,1
Aotus_vociferans,1
Arctocebus_aureus,1
Arctocebus_calabarensis,1
Ateles_belzebuth,0
Ateles_chamek,0
Ateles_fusciceps,0
Ateles_geoffroyi,0
Ateles_marginatus,0
Ateles_paniscus,0
Avahi_laniger,1
Brachyteles_arachnoides,0
Cacajao_calvus,0
Cacajao_melanocephalus,0
Callicebus_brunneus,0
Callicebus_caligatus,0
Callicebus_cinerascens,0
Callicebus_cupreus,0
Callicebus_donacophilus,0
Callicebus_dubius,0
Callicebus_hoffmannsi,0
Callicebus_modestus,0
Callicebus_moloch,0
Callicebus_oenanthe,0
Callicebus_olallae,0
Callicebus_personatus,0
Callicebus_torquatus,0
Callimico_goeldii,0
Callithrix_argentata,0
Callithrix_aurita,0
Callithrix_flaviceps,0
Callithrix_geoffroyi,0
Callithrix_humeralifera,0
Callithrix_jacchus,0
Callithrix_kuhlii,0
Callithrix_penicillata,0
Cebuella_pygmaea,0
Cebus_albifrons,0
Cebus_apella,0
Cebus_capucinus,0
Cebus_olivaceus,0
Cercocebus_agilis,0
Cercocebus_galeritus,0
Cercocebus_torquatus,0
Cercopithecus_ascanius,0
Cercopithecus_campbelli,0
Cercopithecus_cephus,0
Cercopithecus_diana,0
Cercopithecus_dryas,0
Cercopithecus_erythrogaster,0
Cercopithecus_erythrotis,0
Cercopithecus_hamlyni,0
Cercopithecus_lhoesti,0
Cercopithecus_mitis,0
Cercopithecus_mona,0
Cercopithecus_neglectus,0
Cercopithecus_nictitans,0
Cercopithecus_petaurista,0
Cercopithecus_pogonias,0
Cercopithecus_preussi,0
Cercopithecus_sclateri,0
Cercopithecus_solatus,0
Cercopithecus_wolfi,0
Cheirogaleus_major,1
Cheirogaleus_medius,1
Chiropotes_albinasus,0
Chiropotes_satanas,0
Chlorocebus_aethiops,0
Colobus_angolensis,0
Colobus_guereza,0
Colobus_polykomos,0
Colobus_satanas,0
Daubentonia_madagascariensis,1
Erythrocebus_patas,0
Eulemur_coronatus,0
Eulemur_fulvus,0
Eulemur_macaco,0
Eulemur_mongoz,0
Eulemur_rubriventer,0
Euoticus_elegantulus,1
Euoticus_pallidus,1
Galago_alleni,1
Galago_gallarum,1
Galago_matschiei,1
Galago_moholi,1
Galago_senegalensis,1
Galagoides_demidoff,1
Galagoides_zanzibaricus,1
Gorilla_gorilla,0
Hapalemur_aureus,0
Hapalemur_griseus,0
Hapalemur_simus,0
Homo_sapiens,0
Hylobates_agilis,0
Hylobates_concolor,0
Hylobates_gabriellae,0
Hylobates_hoolock,0
Hylobates_klossii,0
Hylobates_lar,0
Hylobates_leucogenys,0
Hylobates_moloch,0
Hylobates_muelleri,0
Hylobates_pileatus,0
Hylobates_syndactylus,0
Indri_indri,0
Lagothrix_flavicauda,0
Lagothrix_lagotricha,0
Lemur_catta,0
Leontopithecus_caissara,0
Leontopithecus_chrysomelas,0
Leontopithecus_chrysopygus,0
Leontopithecus_rosalia,0
Lepilemur_dorsalis,1
Lepilemur_edwardsi,1
Lepilemur_leucopus,1
Lepilemur_microdon,1
Lepilemur_mustelinus,1
Lepilemur_ruficaudatus,1
Lepilemur_septentrionalis,1
Lophocebus_albigena,0
Loris_tardigradus,1
Macaca_arctoides,0
Macaca_assamensis,0
Macaca_cyclopis,0
Macaca_fascicularis,0
Macaca_fuscata,0
Macaca_maura,0
Macaca_mulatta,0
Macaca_nemestrina,0
Macaca_nigra,0
Macaca_ochreata,0
Macaca_radiata,0
Macaca_silenus,0
Macaca_sinica,0
Macaca_sylvanus,0
Macaca_thibetana,0
Macaca_tonkeana,0
Mandrillus_leucophaeus,0
Mandrillus_sphinx,0
Microcebus_coquereli,1
Microcebus_murinus,1
Microcebus_rufus,1
Miopithecus_talapoin,0
Nasalis_concolor,0
Nasalis_larvatus,0
Nycticebus_coucang,1
Nycticebus_pygmaeus,1
Otolemur_crassicaudatus,1
Otolemur_garnettii,1
Pan_paniscus,0
Pan_troglodytes,0
Papio_hamadryas,0
Perodicticus_potto,1
Phaner_furcifer,1
Pithecia_aequatorialis,0
Pithecia_albicans,0
Pithecia_irrorata,0
Pithecia_monachus,0
Pithecia_pithecia,0
Pongo_pygmaeus,0
Presbytis_comata,0
Presbytis_femoralis,0
Presbytis_frontata,0
Presbytis_hosei,0
Presbytis_melalophos,0
Presbytis_potenziani,0
Presbytis_rubicunda,0
Presbytis_thomasi,0
Procolobus_badius,0
Procolobus_pennantii,0
Procolobus_preussi,0
Procolobus_rufomitratus,0
Procolobus_verus,0
Propithecus_diadema,0
Propithecus_tattersalli,0
Propithecus_verreauxi,0
Pygathrix_avunculus,0
Pygathrix_bieti,0
Pygathrix_brelichi,0
Pygathrix_nemaeus,0
Pygathrix_roxellana,0
Saguinus_bicolor,0
Saguinus_fuscicollis,0
Saguinus_geoffroyi,0
Saguinus_imperator,0
Saguinus_inustus,0
Saguinus_labiatus,0
Saguinus_leucopus,0
Saguinus_midas,0
Saguinus_mystax,0
Saguinus_nigricollis,0
Saguinus_oedipus,0
Saguinus_tripartitus,0
Saimiri_boliviensis,0
Saimiri_oerstedii,0
Saimiri_sciureus,0
Saimiri_ustus,0
Saimiri_vanzolinii,0
Semnopithecus_entellus,0
Tarsius_bancanus,1
Tarsius_dianae,1
Tarsius_pumilus,1
Tarsius_spectrum,1
Tarsius_syrichta,1
Theropithecus_gelada,0
Trachypithecus_auratus,0
Trachypithecus_cristatus,0
Trachypithecus_francoisi,0
Trachypithecus_geei,0
Trachypithecus_johnii,0
Trachypithecus_obscurus,0
Trachypithecus_phayrei,0
Trachypithecus_pileatus,0
Trachypithecus_vetulus,0
Varecia_variegata,0
